time_online,age,active,positive,negative,weight,auc,weight_fraction
0,1,2000,7,1993,13951,0.5866246147229589,6.74821228121911e-05
1,2,2000,10,1990,19900,0.5277889447236181,9.625792014641265e-05
2,3,2000,16,1984,31744,0.6508001512096775,0.00015354831241847855
3,4,2000,25,1975,49375,0.5659746835443038,0.0002388308948356344
4,5,2000,26,1974,51324,0.5498986828774063,0.0002482583665122856
5,6,2000,32,1968,62976,0.5449695121951219,0.0003046200391527881
6,7,2000,39,1961,76479,0.5257390917768276,0.0003699351494913313
7,8,2000,42,1958,82236,0.5331728196896736,0.0003977822271939895
8,9,2000,48,1952,93696,0.5348253927595629,0.0004532151802029286
9,10,2000,51,1949,99399,0.5056489501906458,0.0004808010555092096
10,11,1999,53,1946,103138,0.5141945742597298,0.0004988869029176235
11,12,1997,54,1943,104922,0.49333790816034767,0.0005075162561608998
12,13,1994,55,1939,106645,0.48165408598621595,0.0005158505474378984
13,14,1992,58,1934,112172,0.5015690190065256,0.0005425850964152462
14,15,1989,64,1925,123200,0.4910714285714285,0.0005959284302531677
15,16,1987,66,1921,126786,0.49657690912245833,0.0006132742042051796
16,17,1984,67,1917,128439,0.5061391010518612,0.0006212698997831705
17,18,1980,69,1911,131859,0.49418697244784204,0.0006378127182203933
18,19,1978,75,1903,142725,0.5060711157820985,0.0006903724448691832
19,20,1976,76,1900,144400,0.5140027700831025,0.0006984745562382908
20,21,1974,80,1894,151520,0.5190865892291446,0.0007329145759087661
21,22,1972,82,1890,154980,0.5086720867208672,0.0007496508776025644
22,23,1972,87,1885,163995,0.513192475380347,0.0007932571665533137
23,24,1972,91,1881,171171,0.5141174614858826,0.000827968062782995
24,25,1967,92,1875,172500,0.5070666666666667,0.0008343965439827227
25,26,1962,93,1869,173817,0.5096682142713314,0.0008407669802054777
26,27,1960,97,1863,180711,0.48567602414905575,0.0008741138194763003
27,28,1955,97,1858,180226,0.5069024447083106,0.0008717678349903199
28,29,1951,99,1852,183348,0.49383140257870284,0.0008868692031660536
29,30,1950,103,1847,190241,0.5057689982706146,0.0009202112053554618
30,31,1948,106,1842,195252,0.5073597197467887,0.000944449820322983
31,32,1948,110,1838,202180,0.5240231476901771,0.000977961120361895
32,33,1947,116,1831,212396,0.521728281135238,0.0010273767440913298
33,34,1942,116,1826,211816,0.5075348415605998,0.001024571236870982
34,35,1938,118,1820,214760,0.506300055876327,0.0010388116045549538
35,36,1935,118,1817,214406,0.4916187047004281,0.0010370992777342589
36,37,1933,121,1812,219252,0.4906910769343039,0.0010605397742684053
37,38,1929,124,1805,223820,0.49069788222678945,0.0010826355621693508
38,39,1927,128,1799,230272,0.48813142718176766,0.0011138444114550117
39,40,1926,131,1795,235145,0.4827021624954815,0.001137415509187347
40,41,1926,133,1793,238469,0.4653686642708277,0.0011534939678087878
41,42,1923,134,1789,239726,0.45262508030000914,0.0011595741791466793
42,43,1920,137,1783,244271,0.46493034375754805,0.0011815587141750937
43,44,1918,142,1776,252192,0.4715851414795077,0.0012198732360584974
44,45,1916,145,1771,256795,0.4669288732257248,0.0012421383218089465
45,46,1916,148,1768,261664,0.46627736333618686,0.0012656900712156242
46,47,1916,149,1767,263283,0.4693808563408955,0.0012735213060255258
47,48,1913,151,1762,266062,0.481729822372229,0.0012869635552761227
48,49,1911,157,1754,275378,0.46539665477997516,0.0013320258057326043
49,50,1908,160,1748,279680,0.47618349542334093,0.001352834929977321
50,51,1907,163,1744,284272,0.4721956436089379,0.001375046807832212
51,52,1905,168,1737,291816,0.4818721386078899,0.0014115377500223897
52,53,1902,168,1734,291312,0.4804848409952216,0.0014090998609895358
53,54,1899,170,1729,293930,0.48276460381723546,0.0014217633401324157
54,55,1898,172,1726,296872,0.4869640787949015,0.0014359940336535586
55,56,1897,172,1725,296700,0.48256488035052236,0.001435162055650283
56,57,1894,170,1724,293080,0.4813770984031664,0.001417651820930182
57,58,1890,171,1719,293949,0.4920275285848906,0.001421855244679289
58,59,1890,172,1718,295496,0.49414882096542767,0.0014293382096273544
59,60,1889,176,1713,301488,0.4922252295282068,0.0014583220014623948
60,61,1886,175,1711,299425,0.4845988143942557,0.0014483431025045029
61,62,1883,177,1706,301962,0.4783085288877409,0.0014606147780528169
62,63,1882,178,1704,303312,0.4814250672574775,0.001467144837962247
63,64,1881,180,1701,306180,0.48225553595923965,0.001481017587458725
64,65,1877,178,1699,302422,0.47956167210057465,0.0014628398355034376
65,66,1877,179,1698,303942,0.47756479854709116,0.0014701921992533143
66,67,1877,181,1696,306976,0.4767278223704785,0.0014848679042645814
67,68,1876,185,1691,312835,0.47886585580257973,0.0015132083642715075
68,69,1874,190,1684,319960,0.48621077634704335,0.0015476725693490548
69,70,1872,193,1679,324047,0.48848160914929006,0.0015674417210896775
70,71,1872,195,1677,327015,0.4956622784887543,0.0015817981787275945
71,72,1869,197,1672,329384,0.4967606198236708,0.0015932572245982908
72,73,1866,196,1670,327320,0.4950171086398631,0.0015832734885589843
73,74,1863,197,1666,328202,0.4964808258328712,0.0015875397943664786
74,75,1861,198,1663,329274,0.5030278734427863,0.0015927251456427074
75,76,1858,198,1660,328680,0.4996288183035171,0.0015898519192825583
76,77,1857,200,1657,331400,0.5002202776101389,0.001603008780729706
77,78,1857,200,1657,331400,0.49561557030778514,0.001603008780729706
78,79,1856,203,1653,335559,0.4921638221594414,0.001623126202332165
79,80,1853,202,1651,333502,0.4961949253677639,0.0016131763258627593
80,81,1849,203,1646,334138,0.4925150686243409,0.001616252709642313
81,82,1846,203,1643,333529,0.5020013252220947,0.0016133069270609479
82,83,1844,202,1642,331684,0.5004884166857612,0.0016043825118513936
83,84,1842,203,1639,332717,0.5022045762615076,0.0016093792169524612
84,85,1840,203,1637,332311,0.511018293104953,0.0016074153618982178
85,86,1840,208,1632,339456,0.504180217760181,0.001641976308604053
86,87,1839,212,1627,344924,0.5025570850390231,0.0016684254697779516
87,88,1837,214,1623,347322,0.5107882598856393,0.0016800247910096651
88,89,1837,215,1622,348730,0.5177673271585467,0.0016868354016411299
89,90,1836,216,1620,349920,0.511556927297668,0.001692591528524257
90,91,1836,220,1616,355520,0.5119374437443746,0.0017196791844448554
91,92,1834,223,1611,359253,0.5021502951958647,0.0017377360093647832
92,93,1833,227,1606,364562,0.5054586051206653,0.0017634160745937935
93,94,1831,229,1602,366858,0.5015373795855618,0.0017745220135212388
94,95,1828,233,1595,371635,0.5003350061215978,0.0017976287514377923
95,96,1828,234,1594,372996,0.4960294480369763,0.0018042120192427805
96,97,1826,232,1594,369808,0.4961628737074373,0.001788791403693697
97,98,1825,234,1591,372294,0.4962690776644265,0.0018008163880898769
98,99,1822,234,1588,371592,0.4985521755043165,0.0017974207569369733
99,100,1822,237,1585,375645,0.5083975562033303,0.0018170254479095065
100,101,1820,239,1581,377859,0.510092388959903,0.0018277347461609717
101,102,1818,239,1579,377381,0.5217088300682865,0.001825422621244892
102,103,1818,241,1577,380057,0.5272445975208981,0.0018383666511098066
103,104,1818,242,1576,381392,0.5237472207073037,0.0018448241547980209
104,105,1815,243,1572,381996,0.5257332537513482,0.0018477457519723139
105,106,1813,245,1568,384160,0.5284855268638067,0.0018582131961530596
106,107,1810,243,1567,380781,0.5198289830637558,0.001841868698053827
107,108,1807,243,1564,380052,0.520589287781672,0.0018383424657027346
108,109,1805,242,1563,378246,0.522398121857204,0.0018296066966683416
109,110,1802,242,1560,377520,0.5254370629370629,0.0018260949755614926
110,111,1797,241,1556,374996,0.5298856521136226,0.0018138861820715657
111,112,1796,244,1552,378688,0.5255196890316038,0.001831744686653503
112,113,1792,245,1547,379015,0.5239845388704932,0.0018333264122760095
113,114,1792,250,1542,385500,0.5203605706874189,0.0018646948852483456
114,115,1790,249,1541,383709,0.5159665267168609,0.0018560316724351685
115,116,1788,248,1540,381920,0.5201403435274403,0.00184737813378482
116,117,1788,250,1538,384500,0.518111833550065,0.0018598578038339529
117,118,1786,249,1537,382713,0.5217486732878162,0.0018512139393464333
118,119,1784,251,1533,384783,0.5244852293370549,0.001861226697874226
119,120,1782,250,1532,383000,0.531485639686684,0.001852602181712364
120,121,1780,250,1530,382500,0.5317464052287583,0.0018501836410051678
121,122,1778,253,1525,385825,0.525681332210199,0.001866266936708023
122,123,1774,256,1518,388608,0.5277940752635046,0.0018797285342842778
123,124,1769,254,1515,384810,0.5306410956056236,0.0018613572990724147
124,125,1767,255,1512,385560,0.5267947919908704,0.0018649851101332092
125,126,1764,254,1510,383540,0.5315038848620743,0.001855214205676136
126,127,1762,260,1502,390520,0.5242164293762164,0.0018889770339485963
127,128,1761,262,1499,392738,0.5366376566566006,0.0018997056805257191
128,129,1757,261,1496,390456,0.5339321203925667,0.0018886674607380752
129,130,1754,261,1493,389673,0.5397961880859079,0.001884880025990606
130,131,1753,265,1488,394320,0.5400258673158855,0.0019073579433232883
131,132,1750,265,1485,393525,0.538402896893463,0.0019035124635988462
132,133,1748,266,1482,394212,0.5313917384554504,0.001906835538530534
133,134,1746,267,1479,394893,0.5334077838806968,0.0019101295909737352
134,135,1745,270,1475,398250,0.529579409918393,0.001926367673281851
135,136,1743,270,1473,397710,0.5283095723014257,0.0019237556493180792
136,137,1742,275,1467,403425,0.5294590072504184,0.0019513995696013328
137,138,1740,277,1463,405251,0.5287537846914628,0.001960232080264014
138,139,1737,276,1461,403236,0.5203305260443016,0.0019504853612140125
139,140,1737,279,1458,406782,0.5167780285263359,0.0019676376519094487
140,141,1736,279,1457,406503,0.5169088543011983,0.0019662881061948334
141,142,1734,282,1452,409464,0.5125310161577087,0.0019806107042628497
142,143,1732,284,1448,411232,0.5124820052914171,0.0019891626642034956
143,144,1730,283,1447,409501,0.514387022253914,0.0019807896762751823
144,145,1728,284,1444,410096,0.5141869220865358,0.001983667739716746
145,146,1725,283,1442,408086,0.5150507491068059,0.001973945206073817
146,147,1723,284,1439,408676,0.5155673443020877,0.0019767990841083084
147,148,1721,286,1435,410410,0.5175093199483444,0.001985186583280865
148,149,1720,286,1434,410124,0.5120817118725068,0.0019838031779963487
149,150,1719,288,1431,412128,0.5166962691202733,0.0019934966891507915
150,151,1716,288,1428,411264,0.5103826252723311,0.001989317450808756
151,152,1715,291,1424,414384,0.5097807830418163,0.002004409144821661
152,153,1712,291,1421,413511,0.5055730077313543,0.0020001863727468964
153,154,1707,291,1416,412056,0.5052589939231561,0.0019931484192889553
154,155,1706,292,1414,412888,0.5097484063474841,0.00199717287102573
155,156,1703,292,1411,412012,0.5051187829480694,0.001992935587706722
156,157,1701,291,1410,410310,0.504962101825449,0.001984702875139426
157,158,1699,292,1407,410844,0.5064988170692526,0.0019872858766147115
158,159,1696,291,1405,408855,0.5097308336696385,0.0019776649216814847
159,160,1696,293,1403,411079,0.5120135059197868,0.0019884225907470937
160,161,1691,291,1400,407400,0.5083456062837506,0.0019706269682235435
161,162,1687,291,1396,406236,0.5070279345011274,0.0019649966054571906
162,163,1686,290,1396,404840,0.5078277838158285,0.0019582440398026985
163,164,1683,290,1393,403970,0.5111914251058247,0.001954035778972177
164,165,1680,289,1391,401999,0.5171057639446864,0.001944501891504409
165,166,1678,292,1386,404712,0.5145782680029255,0.0019576248933816562
166,167,1677,294,1383,406602,0.5124691959213186,0.001966766977254858
167,168,1674,297,1377,408969,0.5148654298981097,0.0019782163489627256
168,169,1672,298,1374,409452,0.5090608911423073,0.001980552659285877
169,170,1669,297,1372,407484,0.5111685366787408,0.0019710332830623523
170,171,1666,297,1369,406593,0.5126084315273505,0.0019667234435221284
171,172,1664,300,1364,409200,0.5173509286412512,0.00197933371476945
172,173,1661,300,1361,408300,0.5189444036247857,0.0019749803414964968
173,174,1657,301,1356,408156,0.5187991846254864,0.001974283801772824
174,175,1657,304,1353,411312,0.5156936826545299,0.001989549630716647
175,176,1655,305,1350,411750,0.5133673345476624,0.001991668272376151
176,177,1654,307,1347,413529,0.5163458910983268,0.0020002734402123556
177,178,1651,305,1346,410530,0.5232479964923392,0.001985767033050592
178,179,1647,306,1341,410346,0.5250885837805169,0.0019848770100703438
179,180,1646,308,1338,412104,0.5265297109467513,0.001993380599196846
180,181,1639,306,1333,407898,0.5204487396358894,0.0019730358347679108
181,182,1638,305,1333,406565,0.5213828047175729,0.0019665880052425256
182,183,1637,307,1330,408310,0.5215693958022091,0.001975028712310641
183,184,1636,307,1329,408003,0.518268248027588,0.0019735437283164223
184,185,1634,309,1325,409425,0.5261354338401416,0.0019804220580876882
185,186,1634,313,1321,413473,0.5254974327223301,0.0020000025636531496
186,187,1629,315,1314,413910,0.5230919765166341,0.0020021163682312393
187,188,1625,314,1311,411654,0.5184936864454129,0.0019912039125603697
188,189,1623,316,1307,413012,0.519527277657792,0.0019977726691211145
189,190,1622,315,1307,411705,0.5163454415175914,0.0019914506037125037
190,191,1622,316,1306,412696,0.5159875550041677,0.0019962441513941666
191,192,1619,317,1302,412734,0.5100670165288055,0.0019964279604879134
192,193,1615,317,1298,411466,0.510571954912435,0.0019902945412544636
193,194,1610,316,1294,408904,0.5140252968912018,0.0019779019386707898
194,195,1608,315,1293,407295,0.5134902220749089,0.001970119074675032
195,196,1605,317,1288,408296,0.5109969238003801,0.001974960993170839
196,197,1603,318,1285,408630,0.5136480434623009,0.0019765765783632465
197,198,1603,320,1283,410560,0.5150988893219018,0.001985912145493024
198,199,1603,322,1281,412482,0.518330496845923,0.0019952090159714867
199,200,1603,326,1277,416302,0.5166585795888562,0.0020136866669744663
200,201,1601,328,1273,417544,0.5188698676067671,0.0020196943220911418
201,202,1601,329,1272,418488,0.51594549903462,0.0020242605269463285
202,203,1596,327,1269,414963,0.5144964731795365,0.0020072098149605945
203,204,1592,328,1264,414592,0.5115462912936091,0.002005415257755855
204,205,1590,329,1261,414869,0.5121399767155416,0.0020067551293076417
205,206,1589,331,1258,416398,0.5119260899427951,0.002014151026790248
206,207,1586,334,1252,418168,0.5168712096573626,0.002022712660893723
207,208,1585,335,1250,418750,0.5190567164179104,0.0020255278422768993
208,209,1581,335,1246,417410,0.5209817685249515,0.0020190461531816133
209,210,1580,335,1245,417075,0.526667865491818,0.002017425730907792
210,211,1577,335,1242,416070,0.5253322758189728,0.002012564464086327
211,212,1576,336,1240,416640,0.5203100998463902,0.002015321600492531
212,213,1573,339,1234,418326,0.5185572974187596,0.002023476919757197
213,214,1572,342,1230,420660,0.5176722293538725,0.0020347666677783894
214,215,1571,343,1228,421204,0.5162985156836117,0.0020373980400678186
215,216,1569,344,1225,421400,0.516953013763645,0.0020383461080250398
216,217,1567,345,1222,421590,0.5151569059987192,0.0020392651534937743
217,218,1565,343,1222,419146,0.5146726916158093,0.0020274433265169986
218,219,1564,346,1218,421428,0.5120661180557533,0.0020384815463046426
219,220,1561,345,1216,419520,0.5124118039664378,0.002029252394965982
220,221,1560,350,1210,423500,0.5192963400236127,0.0020485039789952643
221,222,1558,349,1209,421941,0.517468082030426,0.0020409629690702263
222,223,1556,350,1206,422100,0.5127671167969675,0.0020417320650151145
223,224,1556,353,1203,424659,0.5100680781521173,0.0020541101563545452
224,225,1549,351,1198,420498,0.5145874653387175,0.0020339830605892576
225,226,1549,354,1195,423030,0.5105997210599721,0.0020462305507305
226,227,1543,354,1189,420906,0.5098074154324244,0.00203595658980633
227,228,1537,353,1184,417952,0.5131641911032846,0.002021667851308214
228,229,1535,353,1182,417246,0.5167646903745033,0.002018252871829653
229,230,1531,354,1177,416658,0.5131642738168953,0.00201540866795799
230,231,1529,356,1173,417588,0.5138174468614999,0.0020199071536733753
231,232,1528,356,1172,417232,0.5168994707980212,0.0020181851526898512
232,233,1525,355,1170,415350,0.521025641025641,0.0020090817654679644
233,234,1521,355,1166,413930,0.5181963133863213,0.002002213109859527
234,235,1519,358,1161,415638,0.5220624678205554,0.0020104748449153095
235,236,1516,359,1157,415363,0.5284389798802493,0.0020091446475263516
236,237,1512,359,1153,413927,0.5325528414430564,0.002002198598615284
237,238,1507,356,1151,409756,0.5328829840197581,0.001982023132035852
238,239,1506,359,1147,411773,0.5318828577881503,0.001991779525248682
239,240,1505,360,1145,412200,0.5331198447355653,0.001993844959012628
240,241,1502,362,1140,412680,0.5371692352428032,0.0019961667580915363
241,242,1500,364,1136,413504,0.5363067830057267,0.002000152513176996
242,243,1498,363,1135,412005,0.5393915122389291,0.0019929017281368213
243,244,1497,363,1134,411642,0.5414753596571779,0.0019911458675833968
244,245,1496,364,1132,412048,0.5384494039529376,0.00199310972263764
245,246,1493,366,1127,412482,0.5352039604152424,0.0019952090159714867
246,247,1492,369,1123,414387,0.5351784684365098,0.0020044236560659043
247,248,1488,366,1122,410652,0.5342552818444815,0.001986357156983148
248,249,1488,367,1121,411407,0.5322806855498327,0.0019900091534510145
249,250,1485,369,1116,411804,0.5299681401831939,0.0019919294747725285
250,251,1483,370,1113,411810,0.5329715159903838,0.0019919584972610148
251,252,1483,370,1113,411810,0.5330322235982613,0.0019919584972610148
252,253,1483,373,1110,414030,0.536936936936937,0.0020026968180009664
253,254,1483,373,1110,414030,0.5312441127454532,0.0020026968180009664
254,255,1480,374,1106,413644,0.5313844755393526,0.0020008297045750107
255,256,1477,372,1105,411060,0.5329781540407726,0.0019883306862002203
256,257,1476,373,1103,411419,0.5316502154737628,0.001990067198427987
257,258,1476,374,1102,412148,0.5278031192678359,0.0019935934307790796
258,259,1475,375,1100,412500,0.5281478787878788,0.0019952960834369454
259,260,1474,375,1099,412125,0.5278398544131029,0.0019934821779065484
260,261,1473,375,1098,411750,0.5265500910746812,0.001991668272376151
261,262,1471,376,1095,411720,0.5297095113183716,0.0019915231599337193
262,263,1471,376,1095,411720,0.530542601768192,0.0019915231599337193
263,264,1471,378,1093,413154,0.5267285322180106,0.0019984595346819586
264,265,1471,383,1088,416704,0.5261888534787282,0.0020156311737030523
265,266,1465,385,1080,415800,0.5232395382395383,0.0020112584521044413
266,267,1464,387,1077,416799,0.5236480893668172,0.0020160906964374193
267,268,1461,385,1076,414260,0.5242504707188722,0.0020038093467262767
268,269,1460,385,1075,413875,0.5260066445182724,0.0020019470703817356
269,270,1458,387,1071,414477,0.5233487020992721,0.0020048589933931997
270,271,1452,385,1067,410795,0.5246826275879697,0.0019870488596254064
271,272,1446,387,1059,409833,0.53093577139957,0.0019823955873047605
272,273,1444,387,1057,409059,0.5353726479554294,0.0019786516862900206
273,274,1442,387,1055,408285,0.5326940739924317,0.0019749077852752807
274,275,1440,388,1052,408176,0.5327677276468974,0.001974380543401112
275,276,1435,389,1046,406894,0.5340973324747968,0.0019681794050278607
276,277,1434,390,1044,407160,0.5373170252480597,0.0019694660686840892
277,278,1432,390,1042,406380,0.5395319651557655,0.001965693145180863
278,279,1428,388,1040,403520,0.5441142942109437,0.0019518590923357
279,280,1426,389,1037,403393,0.5423346463622324,0.0019512447829960723
280,281,1425,388,1037,402356,0.5441673542832715,0.0019462287295693471
281,282,1423,388,1035,401580,0.5474052492654017,0.0019424751543917786
282,283,1420,390,1030,401700,0.5494747323873537,0.0019430556041615055
283,284,1419,391,1028,401948,0.5494491824813159,0.001944255200352275
284,285,1417,391,1026,401166,0.5457391703185215,0.0019404726026862199
285,286,1414,390,1024,399360,0.5438126001602563,0.001931736833651827
286,287,1412,391,1021,399211,0.5466507686411447,0.0019310161085210823
287,288,1411,392,1019,399448,0.5442385491978932,0.0019321624968162935
288,289,1408,394,1014,399516,0.5467415572843141,0.0019324914183524722
289,290,1405,393,1012,397716,0.5474987176779411,0.0019237846718065655
290,291,1405,394,1011,398334,0.5484894585950484,0.00192677398812066
291,292,1402,395,1007,397765,0.5496360916621623,0.0019240216887958708
292,293,1401,396,1005,397980,0.5502336800844264,0.0019250616612999651
293,294,1400,397,1003,398191,0.552501186616473,0.001926082285478402
294,295,1399,398,1001,398398,0.5559666464189078,0.0019270835613311812
295,296,1397,399,998,398202,0.5552834993294861,0.0019261354933739602
296,297,1397,399,998,398202,0.5548113771402453,0.0019261354933739602
297,298,1394,401,993,398193,0.5545778052351498,0.0019260919596412308
298,299,1392,401,991,397391,0.5570307329557036,0.001922212620346888
299,300,1388,399,989,394611,0.5616315814815096,0.0019087655340148766
300,301,1387,399,988,394212,0.5616064452629549,0.001906835538530534
301,302,1386,401,985,394985,0.5610871298910085,0.0019105746024638594
302,303,1386,402,984,395568,0.5592641467459452,0.0019133946209284503
303,304,1384,401,983,394183,0.5593341163875661,0.0019066952631695165
304,305,1383,401,982,393782,0.563415798589067,0.001904755593522345
305,306,1381,400,981,392400,0.5668297655453619,0.0018980707470076545
306,307,1381,403,978,394134,0.5664317211912699,0.0019064582461802112
307,308,1379,402,977,392754,0.5647351777448479,0.0018997830738283494
308,309,1376,404,972,392688,0.5652604612313084,0.0018994638264549996
309,310,1374,404,970,391880,0.5671991425946719,0.0018955554646721703
310,311,1372,405,967,391635,0.5666832637532396,0.0018943703797256442
311,312,1369,405,964,390420,0.5623098201936376,0.001888493325807157
312,313,1367,404,963,389052,0.564860224340191,0.001881876198432268
313,314,1365,403,962,387686,0.5662727052305215,0.0018752687452202078
314,315,1364,407,957,389499,0.5655239166210952,0.0018840383738245015
315,316,1363,410,953,390730,0.5639802421109206,0.001889992821045619
316,317,1360,407,953,387871,0.5648759510249542,0.0018761636052818703
317,318,1358,407,951,387057,0.5645395897761829,0.0018722262210105547
318,319,1358,408,950,387600,0.5681965944272446,0.00187485275621857
319,320,1355,406,949,385294,0.5681194101127971,0.0018636984464769806
320,321,1353,406,947,384482,0.5678653356984202,0.001859770736368494
321,322,1353,407,946,385022,0.5691492953649402,0.001862382760332266
322,323,1350,406,944,383264,0.567598313434082,0.0018538791712057637
323,324,1348,409,939,384051,0.5691613874199,0.0018576859542788907
324,325,1345,409,936,382824,0.5719913067101331,0.001851750855383431
325,326,1345,409,936,382824,0.5693007752909954,0.001851750855383431
326,327,1343,409,934,382006,0.5695722056721622,0.001847794122786458
327,328,1339,408,931,379848,0.5692961395084349,0.0018373557010941987
328,329,1338,408,930,379440,0.5673413451402066,0.0018353821718771264
329,330,1334,407,927,377289,0.5636952044719035,0.001824977609754768
330,331,1332,406,926,375956,0.5638452372086096,0.0018185297802293826
331,332,1330,408,922,376176,0.5607162604738207,0.001819593938140549
332,333,1328,410,918,376380,0.5613316329241724,0.001820580702749085
333,334,1326,409,917,375053,0.5598515409822078,0.0018141618957121862
334,335,1325,413,912,376656,0.5595211545813688,0.0018219157372194575
335,336,1323,412,911,375332,0.5566538424648045,0.0018155114414268017
336,337,1322,412,910,374920,0.55595327003094,0.0018135185638840719
337,338,1321,411,910,374010,0.5541268950028073,0.0018091168197969746
338,339,1318,409,909,371781,0.5541810904806862,0.0017983349653242935
339,340,1316,408,908,370464,0.5539134706746134,0.0017919645291015385
340,341,1314,407,907,369149,0.5545944862372646,0.0017856037670416123
341,342,1312,407,905,368335,0.555350428278605,0.0017816663827702967
342,343,1311,408,903,368424,0.5555609840835559,0.0017820968830161777
343,344,1310,409,901,368509,0.5545888974217725,0.001782508034936401
344,345,1308,411,897,368667,0.5562852113153605,0.001783272293799875
345,346,1308,411,897,368667,0.5566513954327347,0.001783272293799875
346,347,1307,412,895,368740,0.5563947496881272,0.0017836254007431256
347,348,1305,410,895,366950,0.5546804741790434,0.001774967025011363
348,349,1303,409,894,365646,0.5592157441897354,0.001768659470846995
349,350,1302,410,892,365720,0.554741332166685,0.00176901741487166
350,351,1299,410,889,364490,0.555011111415951,0.0017630678047319572
351,352,1296,411,885,363735,0.5564985497683753,0.0017594158082640907
352,353,1293,409,884,361556,0.5592549978426579,0.0017488758078621292
353,354,1292,410,882,361620,0.5597478015596482,0.0017491853810726503
354,355,1290,409,881,360329,0.5585922864937322,0.0017429407089666696
355,356,1288,410,878,359980,0.5565698094338574,0.0017412525675530464
356,357,1286,411,875,359625,0.5599610705596106,0.001739535403650937
357,358,1283,411,872,358392,0.5601185294314606,0.001733571282266991
358,359,1276,407,869,353683,0.557281520457585,0.0017107934658866163
359,360,1275,407,868,353276,0.5568818713980005,0.0017088247737509586
360,361,1273,409,864,353376,0.5505608756678438,0.0017093084818923978
361,362,1272,408,864,352512,0.5492380401234567,0.0017051292435503627
362,363,1271,410,861,353010,0.548953287442282,0.0017075381100947302
363,364,1266,406,860,349160,0.5511771107801581,0.0016889153466493187
364,365,1266,406,860,349160,0.5518472906403941,0.0016889153466493187
365,366,1265,408,857,349656,0.5520826183448876,0.0016913145390308575
366,367,1263,407,856,348392,0.5545506211394061,0.001685200468123065
367,368,1262,410,852,349320,0.5505066987289591,0.0016896892796756215
368,369,1261,410,851,348910,0.5455274999283483,0.0016877060762957206
369,370,1259,411,848,348528,0.545608961116467,0.0016858583111954224
370,371,1256,409,847,346423,0.5469151875019845,0.001675676254818126
371,372,1253,409,844,345196,0.5474484061228984,0.0016697411559226665
372,373,1250,407,843,343101,0.5466378704812869,0.001659607470359514
373,374,1248,409,839,343151,0.546633989118493,0.0016598493244302335
374,375,1247,411,836,343596,0.5437053982002118,0.0016620018256596383
375,376,1247,411,836,343596,0.5436180863572335,0.0016620018256596383
376,377,1245,411,834,342774,0.5451988773944347,0.0016580257447370076
377,378,1242,411,831,341541,0.5464702627210203,0.0016520616233530615
378,379,1237,409,828,338652,0.5456899708255082,0.0016380872951468812
379,380,1233,408,825,336600,0.5431134878193702,0.0016281616040845477
380,381,1232,409,823,336607,0.5488032037361077,0.0016281954636544484
381,382,1225,410,815,334150,0.5488582971719287,0.0016163107546192858
382,383,1225,411,814,334554,0.5455770966719872,0.0016182649355107005
383,384,1220,409,811,331699,0.5432183998142894,0.0016044550680726095
384,385,1218,410,808,331280,0.542767447476455,0.001602428330959979
385,386,1217,411,806,331266,0.5449789595068616,0.0016023606118201776
386,387,1215,410,805,330050,0.5431570974094835,0.0015964787208202762
387,388,1213,410,803,329230,0.5385596695319381,0.0015925123140604742
388,389,1212,411,801,329211,0.5383416714508324,0.0015924204095136008
389,390,1211,411,800,328800,0.5377007299270072,0.0015904323690522854
390,391,1210,411,799,328389,0.5384528714421006,0.00158844432859097
391,392,1209,411,798,327978,0.5386824726048699,0.0015864562881296547
392,393,1207,409,798,326382,0.539876586331354,0.001578736306192284
393,394,1206,409,797,325973,0.5393882315406491,0.0015767579398937976
394,395,1205,410,795,325950,0.5418653167663753,0.0015766466870212664
395,396,1204,410,794,325540,0.5428764514345396,0.0015746634836413655
396,397,1202,408,794,323952,0.5437626561959796,0.00156698219835531
397,398,1201,412,789,325068,0.5450305782174807,0.0015723803812137723
398,399,1201,414,787,325818,0.5440123013461503,0.0015760081922745668
399,400,1200,414,786,325404,0.5414100625683765,0.001574005640569008
400,401,1197,412,785,323420,0.5388102158184405,0.0015644088710428533
401,402,1196,411,785,322635,0.5367427588451347,0.0015606117621325551
402,403,1195,411,784,322224,0.5373187596206366,0.0015586237216712398
403,404,1193,411,782,321402,0.5403015538173378,0.001554647640748609
404,405,1190,410,780,319800,0.5393464665415885,0.001546898636322752
405,406,1187,410,777,318570,0.5426060206548011,0.0015409490261830492
406,407,1183,409,774,316566,0.545184890354618,0.0015312555150286064
407,408,1178,407,771,313797,0.5464551923695893,0.0015178616365921532
408,409,1174,405,769,311445,0.5448377723193502,0.001506484821105502
409,410,1172,404,768,310272,0.5473197710396039,0.0015008109246064194
410,411,1166,403,763,307489,0.5470959936778226,0.0014873493270301649
411,412,1165,403,762,307086,0.5490286108777346,0.0014853999832201647
412,413,1165,403,762,307086,0.5444468324834085,0.0014853999832201647
413,414,1164,402,762,306324,0.5454584035204555,0.0014817141271823975
414,415,1159,400,759,303600,0.5445520421607378,0.0014685379174095919
415,416,1155,398,757,301286,0.5445755859880645,0.0014573449110166876
416,417,1153,397,756,300132,0.5428578092306052,0.0014517629190644785
417,418,1150,398,752,299296,0.5415809098684914,0.0014477191190020462
418,419,1149,398,751,298898,0.5426868028558237,0.001445793960599118
419,420,1147,397,750,297750,0.5428715365239294,0.0014402409911353953
420,421,1146,397,749,297353,0.5424293684610547,0.0014383206698138815
421,422,1146,397,749,297353,0.5429069153497694,0.0014383206698138815
422,423,1145,396,749,296604,0.5420864182546425,0.0014346976958345013
423,424,1144,396,748,296208,0.5414337222492303,0.001432782211594402
424,425,1143,395,748,295460,0.5411460096121302,0.0014291640746964362
425,426,1137,394,743,292742,0.5357345375791653,0.0014160168874121173
426,427,1135,393,742,291606,0.5366110436685116,0.0014105219629253671
427,428,1134,393,741,291213,0.5358208596456889,0.001408620989929511
428,429,1132,393,739,290427,0.5359969975243348,0.0014048190439377984
429,430,1128,391,737,288167,0.5359045275829641,0.001393887239941271
430,431,1128,391,737,288167,0.5339716206227639,0.001393887239941271
431,432,1125,390,735,286650,0.5345229373800802,0.0013865493874356375
432,433,1124,389,735,285915,0.5388664463214592,0.001382994132596059
433,434,1121,387,734,284058,0.5382105063050504,0.001374011672409532
434,435,1120,388,732,284016,0.5396386119091883,0.0013738085149901274
435,436,1115,386,729,281394,0.5403882101253047,0.00136112568752159
436,437,1115,386,729,281394,0.5395495284192271,0.00136112568752159
437,438,1113,385,728,280280,0.5391180248323105,0.0013557371788259567
438,439,1111,383,728,278824,0.5397706079820963,0.0013486943882866011
439,440,1104,382,722,275804,0.5444844889849314,0.0013340864024151355
440,441,1104,382,722,275804,0.5431429565923627,0.0013340864024151355
441,442,1104,382,722,275804,0.5426861104262447,0.0013340864024151355
442,443,1103,383,720,275760,0.5401327241079199,0.0013338735708329022
443,444,1100,382,718,274276,0.5395696305910834,0.0013266953420139436
444,445,1098,383,715,273845,0.5397031167266154,0.0013246105599243403
445,446,1094,381,713,271653,0.5397878911699853,0.0013140076774639917
446,447,1093,382,711,271602,0.5422272295491197,0.0013137609863118577
447,448,1092,384,708,271872,0.5404381473634652,0.0013150669982937436
448,449,1089,383,706,270398,0.5375187686299454,0.001307937140288929
449,450,1086,382,704,268928,0.5384861375535459,0.001300826630609772
450,451,1083,381,702,267462,0.5376988132893645,0.0012937354692562724
451,452,1077,377,700,263900,0.5371466464569913,0.001276505785258206
452,453,1076,376,700,263200,0.5356420972644377,0.001273119828268131
453,454,1074,376,698,262448,0.5383352130707797,0.001269482343044508
454,455,1074,376,698,262448,0.5387238614887521,0.001269482343044508
455,456,1073,376,697,262072,0.5426752953386855,0.0012676636004326962
456,457,1072,376,696,261696,0.5424614820249449,0.0012658448578208848
457,458,1070,374,696,260304,0.5422198660028275,0.0012591116404920503
458,459,1068,374,694,259556,0.5415170521968284,0.0012554935035940845
459,460,1068,375,693,259875,0.5418027898027898,0.0012570365325652757
460,461,1066,375,691,259125,0.5378832609744333,0.0012534087215044813
461,462,1065,374,691,258434,0.538721685227176,0.001250066298247136
462,463,1063,373,690,257370,0.5346777013637953,0.0012449196436222223
463,464,1062,374,688,257312,0.5366869792314388,0.0012446390929001876
464,465,1061,374,687,256938,0.5372619075418973,0.0012428300244512046
465,466,1061,374,687,256938,0.5325214643221321,0.0012428300244512046
466,467,1059,375,684,256500,0.534,0.0012407113827917007
467,468,1058,376,682,256432,0.5376630061770762,0.001240382461255522
468,469,1055,376,679,255304,0.536262651583994,0.0012349262334200872
469,470,1053,375,678,254250,0.5372271386430679,0.0012298279496093174
470,471,1050,373,677,252521,0.5346565236158577,0.0012214646358438327
471,472,1048,373,675,251775,0.5343381987886009,0.0012178561731086958
472,473,1046,372,674,250728,0.5403704412750071,0.0012127917488678266
473,474,1044,371,673,249683,0.538975420833617,0.0012077369987897864
474,475,1042,371,671,248941,0.5360507108109953,0.001204147884380307
475,476,1041,372,669,248868,0.5356172750212964,0.0012037947774370564
476,477,1040,371,669,248199,0.5353043324106865,0.0012005587699708278
477,478,1036,369,667,246123,0.5326523730004916,0.0011905169889545489
478,479,1033,367,666,244422,0.5398409308491052,0.001182289113468667
479,480,1030,367,663,243321,0.5418644506639378,0.0011769634868314207
480,481,1026,366,660,241560,0.5434053651266766,0.0011684453864606755
481,482,1024,365,659,240535,0.5423992350385599,0.0011634873780109229
482,483,1022,366,656,240096,0.5392967812874849,0.0011613638992700047
483,484,1020,366,654,239364,0.5405574773148845,0.0011578231556746692
484,485,1017,368,649,238832,0.5426701614524017,0.0011552498283622123
485,486,1016,369,647,238743,0.5369581516526138,0.0011548193281163315
486,487,1014,367,647,237449,0.5363383294939124,0.0011485601447661074
487,488,1012,366,646,236436,0.5302069058857365,0.0011436601812933277
488,489,1009,366,643,235338,0.5318903024585915,0.0011383490659003246
489,490,1006,366,640,234240,0.5292563183060109,0.0011330379505073217
490,491,1005,367,638,234146,0.5305706695822265,0.0011325832648543686
491,492,1004,368,636,234048,0.5339503007929998,0.0011321092308757582
492,493,1004,369,635,234315,0.5343960053773766,0.001133400731613401
493,494,1002,368,634,233312,0.5346231655465643,0.0011285491389547652
494,495,997,366,631,230946,0.5329947260398535,0.0011171046043283123
495,496,995,365,630,229950,0.5319765166340509,0.0011122868712395773
496,497,994,364,630,229320,0.5311398918541776,0.00110923950994851
497,498,990,362,628,227336,0.5290187211880213,0.001099642740422355
498,499,989,364,625,227500,0.5316835164835165,0.0011004360217743154
499,500,989,364,625,227500,0.533854945054945,0.0011004360217743154
500,501,987,363,624,226512,0.5340909090909091,0.0010956569853368956
501,502,984,363,621,225423,0.5391685852818923,0.001090389403676622
502,503,982,362,620,224440,0.5416057743717697,0.001085634552646274
503,504,981,361,620,223820,0.5411044589402199,0.0010826355621693508
504,505,980,362,618,223716,0.5428444992758676,0.001082132505702254
505,506,978,362,616,222992,0.5419476931907871,0.0010786304587582336
506,507,978,362,616,222992,0.5425620650068164,0.0010786304587582336
507,508,975,360,615,221400,0.543026196928636,0.0010709298251465205
508,509,971,359,612,219708,0.5428932947366505,0.0010627454833933684
509,510,971,359,612,219708,0.5428750887541646,0.0010627454833933684
510,511,971,361,610,220210,0.541401389582671,0.0010651736982633935
511,512,968,362,606,219372,0.5416461535656328,0.0010611202240381325
512,513,966,360,606,218160,0.5418408507517418,0.0010552576813638887
513,514,963,359,604,216836,0.5406251729417624,0.001048853385571233
514,515,960,358,602,215516,0.5362014885205739,0.0010424684381042347
515,516,958,356,602,214312,0.5362882153122551,0.0010366445920813058
516,517,957,355,602,213710,0.5357072668569557,0.0010337326690698415
517,518,954,353,601,212153,0.5353683426583644,0.0010262013333076324
518,519,951,351,600,210600,0.5345061728395062,0.0010186893458710806
519,520,950,351,599,210249,0.533491241337652,0.0010169915302946288
520,521,950,351,599,210249,0.5328586580673392,0.0010169915302946288
521,522,948,351,597,209547,0.5317279655638114,0.0010135958991417252
522,523,946,352,594,209088,0.533784817875727,0.001011375678772519
523,524,944,351,593,208143,0.5355116434374444,0.001006804636835918
524,525,944,352,592,208384,0.5334478654791155,0.0010079703734567867
525,526,944,353,591,208623,0.5339871442746006,0.0010091264359148265
526,527,942,352,590,207680,0.5335419876733436,0.0010045650681410542
527,528,939,351,588,206388,0.5290472314281839,0.000998315558953659
528,529,936,351,585,205335,0.527669418267709,0.0009932221122243036
529,530,934,350,584,204400,0.5265606653620352,0.0009886994411018465
530,531,933,351,582,204282,0.5250389167914941,0.0009881286654949482
531,532,933,351,582,204282,0.5251759822206558,0.0009881286654949482
532,533,928,349,579,202071,0.5225242612745025,0.0009774338784877261
533,534,923,347,576,199872,0.525551352865834,0.0009667971364574769
534,535,923,347,576,199872,0.5247058117195005,0.0009667971364574769
535,536,920,346,574,198604,0.5241636623632958,0.0009606637172240271
536,537,920,347,573,198831,0.5243749717096429,0.0009617617347050942
537,538,917,346,571,197566,0.521268841804764,0.0009556428267158875
538,539,914,345,569,196305,0.5216474363872545,0.0009495432670523384
539,540,911,342,569,194598,0.5208429685813832,0.0009412863690779703
540,541,909,342,567,193914,0.5210093134069742,0.0009379778053905258
541,542,909,342,567,193914,0.5223604278185175,0.0009379778053905258
542,543,908,342,566,193572,0.5241460541813899,0.0009363235235468035
543,544,906,342,564,192888,0.5240605947492845,0.000933014959859359
544,545,904,343,561,192423,0.5234145606294466,0.0009307657170016664
545,546,904,343,561,192423,0.5233573949060144,0.0009307657170016664
546,547,903,343,560,192080,0.5269262807163682,0.0009291065980765298
547,548,902,342,560,191520,0.5267439431913116,0.0009263978324844698
548,549,898,338,560,189280,0.5248520710059171,0.0009155627701162305
549,550,898,340,558,189720,0.5211469534050179,0.0009176910859385632
550,551,897,340,557,189380,0.5216971169078044,0.0009160464782576697
551,552,896,340,556,189040,0.5215457046127803,0.0009144018705767763
552,553,892,339,553,187467,0.5199261736732331,0.0009067931415119367
553,554,890,338,552,186576,0.521235314295515,0.0009024833019717129
554,555,890,339,551,186789,0.5185637269860646,0.0009035136003129785
555,556,887,339,548,185772,0.5205628404711151,0.0008985942885145412
556,557,883,341,542,184822,0.5225460172490288,0.0008939990611708683
557,558,879,339,540,183060,0.5253195673549655,0.0008854761237187085
558,559,878,341,537,183117,0.5215790997012839,0.000885751837359329
559,560,869,338,531,179478,0.5218689755847513,0.0008681496980923542
560,561,863,337,526,177262,0.5239193961480746,0.0008574307256780602
561,562,861,336,525,176400,0.5240702947845804,0.0008532611614988538
562,563,860,336,524,176064,0.5228610050890585,0.000851635902143618
563,564,860,337,523,176251,0.5246608529880682,0.0008525404363681093
564,565,859,339,520,176280,0.5247787610619469,0.0008526807117291268
565,566,859,339,520,176280,0.525028363966417,0.0008526807117291268
566,567,856,338,518,175084,0.5212240981471751,0.0008468955623575132
567,568,853,335,518,173530,0.5232236500893217,0.0008393787378395471
568,569,849,334,515,172010,0.5247950700540666,0.0008320263740896703
569,570,848,334,514,171676,0.520993033388476,0.0008304107888972632
570,571,844,334,510,170340,0.5215040507220852,0.0008239484481276347
571,572,844,334,510,170340,0.5247152753316895,0.0008239484481276347
572,573,842,332,510,169320,0.5276517836050083,0.0008190146250849542
573,574,838,330,508,167640,0.5312514912908615,0.0008108883283087748
574,575,835,328,507,166296,0.5305298984942513,0.000804387290887831
575,576,833,326,507,165282,0.5292953860674484,0.000799482490333637
576,577,831,325,506,164450,0.5274429917908178,0.0007954580385968623
577,578,829,323,506,163438,0.5261628262705123,0.000790562912205497
578,579,827,324,503,162972,0.529054070637901,0.0007883088322663901
579,580,826,323,503,162469,0.529854926170531,0.0007858757803149506
580,581,823,320,503,160960,0.527280069582505,0.0007785766244606322
581,582,821,319,502,160138,0.5259026589566499,0.0007746005435380015
582,583,819,319,500,159500,0.5258996865203761,0.000771514485595619
583,584,817,319,498,158862,0.5292455086804899,0.0007684284276532365
584,585,815,318,497,158046,0.5284221049567848,0.0007644813692190922
585,586,812,316,496,156736,0.5279195590036749,0.0007581447925662379
586,587,812,316,496,156736,0.5284810126582278,0.0007581447925662379
587,588,811,317,494,156598,0.5300195404794442,0.0007574772753310517
588,589,811,318,493,156774,0.5288759615752612,0.0007583286016599848
589,590,811,319,492,156948,0.5310676147513826,0.000759170253826089
590,591,810,320,490,156800,0.5322002551020408,0.000758454365776759
591,592,807,318,489,155502,0.531009247469486,0.0007521758341008773
592,593,806,318,488,155184,0.533147747190432,0.0007506376422111006
593,594,800,316,484,152944,0.5328420859922586,0.0007398025798428611
594,595,797,317,480,152160,0.5284700315457413,0.0007360103080139773
595,596,796,316,480,151680,0.5310126582278482,0.0007336885089350689
596,597,793,315,478,150570,0.5338845719598858,0.0007283193485650931
597,598,792,316,476,150416,0.538187426869482,0.0007275744380272766
598,599,791,315,476,149940,0.5380885687608377,0.0007252719872740258
599,600,787,313,474,148362,0.5411763119936371,0.0007176390728021142
600,601,786,313,473,148049,0.5392268775878257,0.0007161250663194093
601,602,784,312,472,147264,0.5379590395480226,0.0007123279574091112
602,603,782,310,472,146320,0.5399876981957353,0.0007077617525539246
603,604,781,310,471,146010,0.5390041777960414,0.0007062622573154629
604,605,778,309,469,144921,0.5366786042050496,0.0007009946756551894
605,606,776,309,467,144303,0.5357061183759173,0.0006980053593410947
606,607,774,308,466,143528,0.5351917395908813,0.0006942566212449404
607,608,769,308,461,141988,0.5341648590021691,0.0006868075158667758
608,609,768,308,460,141680,0.5339285714285714,0.000685317694791143
609,610,766,307,459,140913,0.5342587270159601,0.0006816076533463038
610,611,763,306,457,139842,0.5315498920209951,0.0006764271391514893
611,612,762,307,455,139685,0.5299423703332498,0.0006756677173694297
612,613,759,306,453,138618,0.5298229667142795,0.0006705065515002728
613,614,756,305,451,137555,0.5274980916724219,0.0006653647339567735
614,615,756,305,451,137555,0.5271055214277924,0.0006653647339567735
615,616,751,304,447,135888,0.5257344283527611,0.0006573013192389811
616,617,749,304,445,135280,0.5279198698994677,0.0006543603737390303
617,618,746,304,442,134368,0.5288163848535365,0.0006499489554891043
618,619,745,303,442,133926,0.5301659125188537,0.0006478109655039427
619,620,743,304,439,133456,0.5275671382328259,0.0006455375372391782
620,621,741,304,437,132848,0.5280395640130073,0.0006425965917392275
621,622,740,306,434,132804,0.5277100087346768,0.0006423837601569943
622,623,738,305,433,132065,0.5244387233559232,0.0006388091569917581
623,624,736,306,430,131580,0.5255205958352334,0.0006364631725057778
624,625,735,307,428,131396,0.5220402447563091,0.0006355731495255295
625,626,732,307,425,130475,0.5200076643035064,0.0006311181975428739
626,627,731,306,425,130050,0.519515570934256,0.0006290624379417571
627,628,726,304,422,128288,0.5196588924918932,0.0006205395004895973
628,629,725,304,421,127984,0.5180022502812851,0.000619069027739622
629,630,723,304,419,127376,0.5160469790227358,0.0006161280822396712
630,631,721,305,416,126880,0.5155343631778059,0.0006137288898581325
631,632,719,303,416,126048,0.5161684437674536,0.0006097044381213579
632,633,717,302,415,125330,0.5187026250698158,0.000606231413665824
633,634,713,298,415,123670,0.5209104875879356,0.0005982018585179322
634,635,710,296,414,122544,0.5215024807416112,0.0005927553048453262
635,636,709,295,414,122130,0.5203307950544501,0.0005907527531397677
636,637,707,295,412,121540,0.5205775876254731,0.000587898875105276
637,638,707,296,411,121656,0.5214046162951272,0.0005884599765493456
638,639,706,296,410,121360,0.5192567567567568,0.0005870282004506854
639,640,705,296,409,121064,0.5198737857662064,0.0005855964243520252
640,641,701,294,407,119658,0.5180514466228752,0.0005787954878833892
641,642,698,291,407,118437,0.5193309523206431,0.0005728894114764158
642,643,696,291,405,117855,0.5194009588053116,0.0005700742300932393
643,644,694,290,404,117160,0.5200580402867874,0.0005667124585102365
644,645,691,289,402,116178,0.5163197851572586,0.000561962444561303
645,646,690,288,402,115776,0.517810254284135,0.0005600179378327171
646,647,688,286,402,114972,0.517499913022301,0.0005561289243755455
647,648,685,285,400,114000,0.5141578947368421,0.0005514272812407559
648,649,684,284,400,113600,0.5112147887323943,0.0005494924486749988
649,650,680,283,397,112351,0.5142010306984361,0.0005434509339884225
650,651,676,285,391,111435,0.513563961053529,0.0005390201674128389
651,652,672,283,389,110087,0.5144385803955054,0.0005324997816662377
652,653,670,284,386,109624,0.5179522732248413,0.0005302602129713739
653,654,669,285,384,109440,0.5158077485380117,0.0005293701899911256
654,655,667,285,382,108870,0.5131716726370902,0.0005266130535849219
655,656,666,284,382,108488,0.5128032593466558,0.000524765288484624
656,657,665,283,382,108106,0.5119234825079089,0.0005229175233843259
657,658,661,281,380,106780,0.5103296497471437,0.0005165035534288414
658,659,660,280,380,106400,0.5121052631578947,0.0005146654624913721
659,660,659,280,379,106120,0.5144270637014701,0.0005133110796953422
660,661,655,279,376,104904,0.5113913673453824,0.0005074291886954409
661,662,654,279,375,104625,0.5103942652329749,0.0005060796429808253
662,663,653,278,375,104250,0.5127002398081535,0.000504265737450428
663,664,652,277,375,103875,0.514503008423586,0.0005024518319200308
664,665,649,275,374,102850,0.5137190082644628,0.0004974938234702784
665,666,647,275,372,102300,0.5104789833822092,0.0004948334286923625
666,667,646,275,371,102025,0.5116000980151924,0.0004935032313034046
667,668,643,274,369,101106,0.5091389235060233,0.0004890579534835778
668,669,641,273,368,100464,0.5081123586558369,0.0004859525472155377
669,670,638,273,365,99645,0.5090671885192433,0.0004819909775371502
670,671,637,273,364,99372,0.5102946504045405,0.000480670454311021
671,672,636,273,363,99099,0.509510691328873,0.0004793499310848918
672,673,633,273,360,98280,0.5100936100936101,0.00047538836140650426
673,674,632,273,359,98007,0.5097288969155264,0.0004740678381803751
674,675,630,272,358,97376,0.508770128162997,0.0004710156398078934
675,676,628,271,357,96747,0.5083671845121813,0.00046797311559824045
676,677,624,271,353,95663,0.5090473850914147,0.0004627297193450389
677,678,624,271,353,95663,0.5093191725118384,0.0004627297193450389
678,679,624,272,352,95744,0.5054833723262032,0.00046312152293960464
679,680,623,272,351,95472,0.5029851684263449,0.00046180583679488986
680,681,620,271,349,94579,0.5028917624419798,0.0004574863230918373
681,682,619,271,348,94308,0.5012512194087458,0.00045617547402853687
682,683,617,273,344,93912,0.5046852372433768,0.00045425998978843745
683,684,614,271,343,92953,0.5044162103428614,0.0004496212287120349
684,685,611,270,341,92070,0.5038123167155426,0.0004453500858231263
685,686,607,269,338,90922,0.5063021051010757,0.0004397971163594036
686,687,606,268,338,90584,0.5053210279961141,0.0004381621828413389
687,688,606,268,338,90584,0.5041839618475669,0.0004381621828413389
688,689,604,268,336,90048,0.5003997867803838,0.0004355695072032244
689,690,601,265,336,89040,0.4981132075471698,0.0004306937291375167
690,691,598,264,334,88176,0.4982875158773362,0.0004265144907954815
691,692,594,263,331,87053,0.49792655049222884,0.00042108244836711864
692,693,589,262,327,85674,0.49861101384317297,0.0004144121130966712
693,694,584,260,324,84240,0.502136752136752,0.0004074757383484322
694,695,582,261,321,83781,0.4995285327222162,0.00040525551797922606
695,696,578,260,318,82680,0.4993347847121432,0.0003999298913419798
696,697,576,260,316,82160,0.5038704965920155,0.00039741460900649564
697,698,572,257,315,80955,0.5049471928849361,0.00039158592590215254
698,699,571,258,313,80754,0.5034549372167323,0.00039061367253785965
699,700,570,259,311,80549,0.5035195967671852,0.0003896220708479092
700,701,567,259,308,79772,0.5011908940480369,0.00038586365858892614
701,702,565,258,307,79206,0.5029164457238088,0.0003831258705083799
702,703,564,259,305,78995,0.5075384518007469,0.0003821052463299431
703,704,561,257,304,78128,0.5072701208273602,0.0003779114967436647
704,705,560,257,303,77871,0.507583054025247,0.0003766683668201658
705,706,557,254,303,76962,0.5109534575504795,0.00037227145981448296
706,707,557,254,303,76962,0.5113692471609366,0.00037227145981448296
707,708,555,254,301,76454,0.5135375519920474,0.0003698142224559715
708,709,549,251,298,74798,0.5109762293109441,0.0003618040156337374
709,710,548,251,297,74547,0.5148161562504192,0.0003605899081987248
710,711,545,249,296,73704,0.5161863670899816,0.0003565122485663919
711,712,540,248,292,72416,0.5179104065399912,0.0003502820877046542
712,713,535,245,290,71050,0.5196199859254047,0.0003436746344925939
713,714,533,245,288,70560,0.5229166666666667,0.0003413044645995415
714,715,533,245,288,70560,0.5228174603174602,0.0003413044645995415
715,716,530,243,287,69741,0.5249853027630805,0.000337342894921154
716,717,527,242,285,68970,0.5248368856024359,0.0003336135051506573
717,718,526,242,284,68728,0.5235275288092189,0.0003324429314483743
718,719,526,242,284,68728,0.5223635199627517,0.0003324429314483743
719,720,525,241,284,68444,0.5214628017065046,0.0003310692003266868
720,721,521,239,282,67398,0.5195258019525801,0.00032600961316723215
721,722,521,239,282,67398,0.5204160360841568,0.00032600961316723215
722,723,517,238,279,66402,0.5181922231258095,0.00032119188007849713
723,724,517,238,279,66402,0.5185687178097045,0.00032119188007849713
724,725,516,239,277,66203,0.522982342189931,0.000320229300877033
725,726,515,239,276,65964,0.5225729185616397,0.00031907323841899317
726,727,514,238,276,65688,0.5245554743636585,0.0003177382039486208
727,728,514,240,274,65760,0.5251976885644768,0.0003180864738104571
728,729,512,239,273,65247,0.529510935368676,0.0003156050510448737
729,730,512,239,273,65247,0.5276717703495946,0.0003156050510448737
730,731,511,239,272,65008,0.5260890967265568,0.00031444898858683386
731,732,510,239,271,64769,0.5266717102317466,0.000313292926128794
732,733,505,237,268,63516,0.5221991309276404,0.0003072320631165601
733,734,503,236,267,63012,0.5206468609153811,0.0003047941740837062
734,735,499,234,265,62010,0.516610224157394,0.00029994741850648484
735,736,495,233,262,61046,0.5179372931887429,0.0002952844720230104
736,737,492,232,260,60320,0.5189157824933687,0.0002917727509161614
737,738,490,232,258,59856,0.518644747393745,0.0002895283451398832
738,739,488,231,257,59367,0.5190088769855307,0.0002871630123282452
739,740,488,231,257,59367,0.5208954469654858,0.0002871630123282452
740,741,486,231,255,58905,0.5277820218996689,0.00028492828071479586
741,742,481,230,251,57730,0.5248051273168197,0.00027924471005288454
742,743,478,229,249,57021,0.5226320127672262,0.0002758152193300802
743,744,475,228,247,56316,0.5250728034661553,0.0002724050769329334
744,745,474,228,246,56088,0.5230887177292826,0.00027130222237045187
745,746,472,227,245,55615,0.5245167670592465,0.0002690142828614442
746,747,471,227,244,55388,0.5260886834693436,0.00026791626538037706
747,748,467,226,241,54466,0.5250247861050931,0.0002634564763163071
748,749,466,225,241,54225,0.5232826187183034,0.0002622907396954385
749,750,466,226,240,54240,0.5249078171091446,0.0002623632959166544
750,751,465,225,240,54000,0.5257962962962963,0.00026120239637720014
751,752,460,224,236,52864,0.5230024213075061,0.00025570747189045015
752,753,459,223,236,52628,0.5217564794406019,0.0002545659206766535
753,754,457,221,236,52156,0.5200168724595444,0.0002522828182490602
754,755,454,220,234,51480,0.5212509712509713,0.0002490129512129308
755,756,453,220,233,51260,0.5217323449083106,0.00024794879330176445
756,757,452,219,233,51027,0.5226056793462285,0.00024682175333221094
757,758,447,217,230,49910,0.5191344419955921,0.00024141873339233444
758,759,445,216,229,49464,0.5212679928837134,0.00023926139508151535
759,760,444,215,229,49235,0.5214583121762973,0.00023815370343761944
760,761,442,215,227,48805,0.5269132261038828,0.00023607375842943061
761,762,438,214,224,47936,0.5260347129506008,0.00023187033468032345
762,763,436,213,223,47499,0.5211267605633803,0.0002297565301022339
763,764,433,211,222,46842,0.525255112932838,0.00022657856761297795
764,765,433,211,222,46842,0.5208573502412365,0.00022657856761297795
765,766,432,212,220,46640,0.5273156089193826,0.00022560147716727065
766,767,428,210,218,45780,0.527304499781564,0.00022144158715089302
767,768,426,209,217,45353,0.5281238286331665,0.00021937615338694737
768,769,425,209,216,45144,0.5358408647882332,0.00021836520337133934
769,770,423,208,215,44720,0.5334749552772808,0.00021631428085163687
770,771,421,206,215,44290,0.5336870625423346,0.00021423433584344805
771,772,417,203,214,43442,0.5290272086920492,0.00021013249080404313
772,773,412,200,212,42400,0.5287971698113209,0.00020509225197024605
773,774,410,199,211,41989,0.5296387149015218,0.0002031042115089307
774,775,409,198,211,41778,0.5288908037723203,0.00020208358733049385
775,776,406,196,210,41160,0.5263848396501458,0.00019909427101639924
776,777,404,196,208,40768,0.5287480376766092,0.00019719813510195734
777,778,400,193,207,39951,0.5243423193411929,0.00019324623958639857
778,779,400,193,207,39951,0.5208880879076869,0.00019324623958639857
779,780,398,191,207,39537,0.5213850317424185,0.00019124368788084006
780,781,397,191,206,39346,0.5234331317033498,0.00019031980533069107
781,782,395,191,204,38964,0.5242018273277897,0.0001884720402303931
782,783,391,190,201,38190,0.5272060748887143,0.00018472813921565322
783,784,391,190,201,38190,0.5291175700445143,0.00018472813921565322
784,785,389,190,199,37810,0.5312086749537159,0.00018289004827818403
785,786,387,190,197,37430,0.5301362543414374,0.00018105195734071484
786,787,383,188,195,36660,0.5359247135842882,0.00017732740465163256
787,788,380,187,193,36091,0.5361724529661135,0.00017457510532684317
788,789,379,188,191,35908,0.5255096357357691,0.00017368991942800932
789,790,376,186,190,35340,0.5297113752122241,0.00017094245718463433
790,791,375,186,189,35154,0.5288729589804859,0.0001700427600415573
791,792,374,186,188,34968,0.5268531228551818,0.00016914306289848028
792,793,374,186,188,34968,0.5292839167238618,0.00016914306289848028
793,794,373,185,188,34780,0.5284071305347902,0.00016823369159257447
794,795,370,183,187,34221,0.528155226323018,0.000165529763081929
795,796,365,180,185,33300,0.5303003003003003,0.00016107481109927342
796,797,363,178,185,32930,0.5347099908897661,0.00015928509097594816
797,798,361,178,183,32574,0.5321114999693006,0.0001575630899924244
798,799,360,177,183,32391,0.53098082800778,0.00015667790409359055
799,800,357,177,180,31860,0.534180790960452,0.00015410941386254808
800,801,357,177,180,31860,0.5332077840552416,0.00015410941386254808
801,802,356,176,180,31680,0.5367108585858585,0.00015323873920795742
802,803,356,176,180,31680,0.5386363636363636,0.00015323873920795742
803,804,355,177,178,31506,0.5437694407414461,0.0001523970870418531
804,805,354,176,178,31328,0.5435712461695608,0.00015153608655009123
805,806,354,176,178,31328,0.5429328396322779,0.00015153608655009123
806,807,351,175,176,30800,0.545487012987013,0.00014898210756329194
807,808,351,175,176,30800,0.5437337662337662,0.00014898210756329194
808,809,350,174,176,30624,0.5464015151515151,0.00014813078123435884
809,810,349,173,176,30448,0.5444364161849711,0.00014727945490542574
810,811,348,172,176,30272,0.5477669133192389,0.00014642812857649265
811,812,343,169,174,29406,0.5450588315309801,0.00014223921607162867
812,813,340,166,174,28884,0.5406799612242071,0.00013971425957331573
813,814,338,165,173,28545,0.5414958836924154,0.00013807448897383665
814,815,335,164,171,28044,0.5411852802738554,0.00013565111118522594
815,816,335,164,171,28044,0.5404007987448296,0.00013565111118522594
816,817,334,164,170,27880,0.5422525107604017,0.00013485782983326555
817,818,332,162,170,27540,0.5435366739288308,0.00013321322215237207
818,819,331,162,169,27378,0.5443786982248521,0.00013242961496324048
819,820,328,161,167,26887,0.548406293004054,0.00013005460798877372
820,821,323,158,165,26070,0.5466820099731492,0.00012610271247321495
821,822,322,157,165,25905,0.544991314418066,0.00012530459403984018
822,823,321,157,164,25748,0.5504893583967686,0.00012454517225778054
823,824,316,155,161,24955,0.5492286115007012,0.00012070936669616722
824,825,315,154,161,24794,0.5489634589013471,0.00011993059658845001
825,826,311,151,160,24160,0.5421357615894039,0.00011686388697172511
826,827,309,151,158,23858,0.5487886662754632,0.00011540308838457854
827,828,304,150,154,23100,0.5486580086580087,0.00011173658067246896
828,829,303,149,154,22946,0.5488538307330253,0.00011099167013465249
829,830,302,149,153,22797,0.5525288415142343,0.000110270945003908
830,831,297,148,149,22052,0.5469345184110285,0.00010666731935018551
831,832,296,148,148,21904,0.543827611395179,0.00010595143130085541
832,833,292,145,147,21315,0.5394792399718508,0.00010310239034777818
833,834,292,146,146,21316,0.5476637267780071,0.00010310722742919257
834,835,292,146,146,21316,0.5488365547006944,0.00010310722742919257
835,836,290,144,146,21024,0.5463755707762556,0.00010169479965618993
836,837,290,144,146,21024,0.5452340182648402,0.00010169479965618993
837,838,287,143,144,20592,0.5387529137529137,9.960518048517233e-05
838,839,287,144,143,20592,0.5388986013986014,9.960518048517233e-05
839,840,286,144,142,20448,0.5351134585289514,9.890864076149979e-05
840,841,283,143,140,20020,0.5283216783216783,9.683836991613976e-05
841,842,280,141,139,19599,0.5268636154905862,9.480195864068048e-05
842,843,279,141,138,19458,0.5282146160962071,9.411993016125112e-05
843,844,277,140,137,19180,0.5333159541188738,9.277522152804998e-05
844,845,276,139,137,19043,0.5367326576694849,9.21125413742782e-05
845,846,275,139,136,18904,0.5388277613203555,9.144018705767762e-05
846,847,272,136,136,18496,0.5408737024221453,8.946665784060545e-05
847,848,269,134,135,18090,0.53681592039801,8.750280278636205e-05
848,849,267,134,133,17822,0.5357984513522612,8.620646496730483e-05
849,850,266,134,132,17688,0.5352781546811397,8.555829605777623e-05
850,851,263,132,131,17292,0.5346402960906778,8.364281181767676e-05
851,852,260,129,131,16899,0.5388484525711581,8.174183882182048e-05
852,853,259,129,130,16770,0.5422778771615981,8.111785531936383e-05
853,854,258,128,130,16640,0.5465144230769231,8.048903473549278e-05
854,855,255,127,128,16256,0.5394931102362205,7.863159547236604e-05
855,856,251,124,127,15748,0.5363855727711455,7.617435811385459e-05
856,857,249,123,126,15498,0.5423925667828108,7.496508776025644e-05
857,858,248,123,125,15375,0.542569105691057,7.437012674628615e-05
858,859,247,122,125,15250,0.5438688524590164,7.376549156948708e-05
859,860,247,122,125,15250,0.5453770491803278,7.376549156948708e-05
860,861,245,121,124,15004,0.542255398560384,7.257556954154651e-05
861,862,245,122,123,15006,0.5470478475276556,7.25852437043753e-05
862,863,245,122,123,15006,0.5465813674530189,7.25852437043753e-05
863,864,244,121,123,14883,0.5471343143183498,7.1990282690405e-05
864,865,241,120,121,14520,0.5423553719008265,7.023442213698049e-05
865,866,238,119,119,14161,0.5400042369889132,6.849790990921355e-05
866,867,237,118,119,14042,0.5372454066372311,6.792229722090082e-05
867,868,237,119,118,14042,0.5371029767839339,6.792229722090082e-05
868,869,231,114,117,13338,0.5288648972859499,6.451699190516844e-05
869,870,229,113,116,13108,0.5304394263045468,6.340446317985815e-05
870,871,227,112,115,12880,0.5201863354037267,6.230160861737663e-05
871,872,224,112,112,12544,0.514110331632653,6.067634926214072e-05
872,873,220,110,110,12100,0.5157851239669421,5.852868511415041e-05
873,874,214,106,108,11448,0.5029699510831587,5.537490803196643e-05
874,875,214,106,108,11448,0.5053284416491963,5.537490803196643e-05
875,876,211,105,106,11130,0.4993710691823899,5.383671614218959e-05
876,877,209,104,105,10920,0.5048534798534798,5.2820929045167145e-05
877,878,207,103,104,10712,0.5126960418222555,5.181481611097348e-05
878,879,206,104,102,10608,0.5223416289592759,5.1311759643876655e-05
879,880,206,104,102,10608,0.5234728506787331,5.1311759643876655e-05
880,881,204,103,101,10403,0.5295587811208305,5.032015795392617e-05
881,882,201,101,100,10100,0.5324752475247525,4.8854522285365215e-05
882,883,199,99,100,9900,0.5316161616161617,4.788710600248669e-05
883,884,197,99,98,9702,0.5346320346320347,4.692936388243696e-05
884,885,195,98,97,9506,0.5261939827477383,4.598129592521601e-05
885,886,194,97,97,9409,0.530024444680625,4.551209902801993e-05
886,887,192,96,96,9216,0.5434027777777778,4.457854231504216e-05
887,888,190,94,96,9024,0.5498670212765957,4.364982268347878e-05
888,889,187,93,94,8742,0.5465568519789521,4.228576572462007e-05
889,890,187,93,94,8742,0.5467856325783573,4.228576572462007e-05
890,891,185,91,94,8554,0.541267243394903,4.137639441871426e-05
891,892,183,91,92,8372,0.5461060678451983,4.049604560129481e-05
892,893,182,91,91,8281,0.5447409733124019,4.005587119258508e-05
893,894,182,91,91,8281,0.5447409733124019,4.005587119258508e-05
894,895,180,91,89,8099,0.5462402765773552,3.917552237516563e-05
895,896,178,90,88,7920,0.5422979797979798,3.8309684801989354e-05
896,897,178,90,88,7920,0.5422979797979798,3.8309684801989354e-05
897,898,177,90,87,7830,0.5441890166028097,3.787434747469402e-05
898,899,174,88,86,7568,0.5425475687103594,3.660703214412316e-05
899,900,173,88,85,7480,0.5467914438502673,3.6181368979656614e-05
900,901,172,87,85,7395,0.5468559837728195,3.5770217059433244e-05
901,902,171,86,85,7310,0.5399452804377565,3.5359065139209874e-05
902,903,169,86,83,7138,0.5430092462874755,3.452708713593435e-05
903,904,168,85,83,7055,0.5372076541459958,3.412560937853976e-05
904,905,166,84,82,6888,0.5362950058072009,3.3317816782336197e-05
905,906,163,81,82,6642,0.5398976211984341,3.212789475439562e-05
906,907,159,81,78,6318,0.5430515986071542,3.056068037613242e-05
907,908,156,79,77,6083,0.5490711819825743,2.9423966243750158e-05
908,909,153,77,76,5852,0.5469924812030075,2.8306600437025468e-05
909,910,151,76,75,5700,0.5443859649122806,2.7571364062037794e-05
910,911,151,76,75,5700,0.5485964912280702,2.7571364062037794e-05
911,912,149,74,75,5550,0.5529729729729729,2.6845801849878906e-05
912,913,149,74,75,5550,0.5535135135135135,2.6845801849878906e-05
913,914,148,74,74,5476,0.5580715850986121,2.6487857825213853e-05
914,915,148,74,74,5476,0.5538714390065741,2.6487857825213853e-05
915,916,145,72,73,5256,0.5420471841704718,2.5423699914047483e-05
916,917,141,70,71,4970,0.5458752515090544,2.4040294629531198e-05
917,918,140,69,71,4899,0.5443968156766688,2.3696861849109327e-05
918,919,139,69,70,4830,0.556935817805383,2.3363103231516237e-05
919,920,139,69,70,4830,0.5527950310559007,2.3363103231516237e-05
920,921,136,68,68,4624,0.5560121107266436,2.2366664460151362e-05
921,922,136,68,68,4624,0.557742214532872,2.2366664460151362e-05
922,923,133,67,66,4422,0.5578923563998189,2.1389574014444058e-05
923,924,130,65,65,4225,0.5521893491124261,2.0436668975808718e-05
924,925,130,65,65,4225,0.5514792899408284,2.0436668975808718e-05
925,926,129,65,64,4160,0.5495192307692309,2.0122258683873196e-05
926,927,128,65,63,4095,0.5474969474969476,1.9807848391937678e-05
927,928,127,64,63,4032,0.5555555555555556,1.9503112262830945e-05
928,929,125,62,63,3906,0.5550435227854583,1.889364000461748e-05
929,930,121,61,60,3660,0.5368852459016393,1.77037179766769e-05
930,931,120,61,59,3599,0.5218116143373159,1.740865601039895e-05
931,932,120,61,59,3599,0.532370102806335,1.740865601039895e-05
932,933,120,61,59,3599,0.5290358432898026,1.740865601039895e-05
933,934,118,61,57,3477,0.5383951682484901,1.6818532077843055e-05
934,935,117,60,57,3420,0.5304093567251462,1.6542818437222676e-05
935,936,117,60,57,3420,0.5327485380116959,1.6542818437222676e-05
936,937,117,60,57,3420,0.5388888888888889,1.6542818437222676e-05
937,938,115,58,57,3306,0.5350877192982457,1.599139115598192e-05
938,939,111,56,55,3080,0.5396103896103897,1.4898210756329195e-05
939,940,111,56,55,3080,0.5415584415584416,1.4898210756329195e-05
940,941,108,54,54,2916,0.5404663923182442,1.4104929404368808e-05
941,942,105,52,53,2756,0.5301161103047896,1.3330996378065992e-05
942,943,102,50,52,2600,0.5365384615384616,1.2576411677420748e-05
943,944,99,49,50,2450,0.5620408163265306,1.185084946526186e-05
944,945,97,49,48,2352,0.5871598639455783,1.1376815486651384e-05
945,946,94,48,46,2208,0.5878623188405797,1.068027576297885e-05
946,947,94,48,46,2208,0.5946557971014493,1.068027576297885e-05
947,948,91,47,44,2068,0.5884912959381045,1.0003084364963887e-05
948,949,88,46,42,1932,0.5807453416149069,9.345241292606495e-06
949,950,87,46,41,1886,0.5795334040296926,9.122735547544436e-06
950,951,87,46,41,1886,0.5827147401908802,9.122735547544436e-06
951,952,85,45,40,1800,0.5511111111111111,8.706746545906671e-06
952,953,82,43,39,1677,0.5366726296958855,8.111785531936382e-06
953,954,81,42,39,1638,0.5451770451770452,7.923139356775072e-06
954,955,77,40,37,1480,0.5459459459459459,7.158880493301041e-06
955,956,74,38,36,1368,0.570906432748538,6.6171273748890705e-06
956,957,74,38,36,1368,0.5760233918128654,6.6171273748890705e-06
957,958,73,37,36,1332,0.5773273273273274,6.4429924439709375e-06
958,959,70,36,34,1224,0.5694444444444444,5.920587651216537e-06
959,960,69,35,34,1190,0.5621848739495798,5.756126883127189e-06
960,961,67,35,32,1120,0.5562499999999999,5.417531184119707e-06
961,962,66,34,32,1088,0.5634191176470589,5.262744578859144e-06
962,963,66,34,32,1088,0.5670955882352942,5.262744578859144e-06
963,964,64,34,30,1020,0.5901960784313725,4.9338230426804474e-06
964,965,63,33,30,990,0.5858585858585859,4.788710600248669e-06
965,966,62,32,30,960,0.5729166666666667,4.643598157816892e-06
966,967,61,32,29,928,0.5603448275862069,4.488811552556328e-06
967,968,57,29,28,812,0.5640394088669951,3.927710108486788e-06
968,969,56,28,28,784,0.5548469387755102,3.792271828883795e-06
969,970,54,27,27,729,0.5514403292181069,3.526232351092202e-06
970,971,53,27,26,702,0.5569800569800569,3.395631152903602e-06
971,972,52,26,26,676,0.5547337278106509,3.2698670361293945e-06
972,973,50,24,26,624,0.5705128205128206,3.0183388025809794e-06
973,974,49,23,26,598,0.5518394648829431,2.8925746858067722e-06
974,975,49,23,26,598,0.5518394648829431,2.8925746858067722e-06
975,976,46,22,24,528,0.5492424242424243,2.5539789867992906e-06
976,977,42,19,23,437,0.5766590389016019,2.1138045780895643e-06
977,978,41,19,22,418,0.6052631578947368,2.021900031216105e-06
978,979,39,18,21,378,0.6164021164021164,1.8284167746404012e-06
979,980,36,17,19,323,0.6160990712074303,1.5623772968488084e-06
980,981,36,17,19,323,0.6222910216718266,1.5623772968488084e-06
981,982,33,16,17,272,0.6397058823529412,1.315686144714786e-06
982,983,31,15,16,240,0.6208333333333333,1.160899539454223e-06
983,984,29,14,15,210,0.5952380952380952,1.015787097022445e-06
984,985,25,12,13,156,0.6153846153846154,7.545847006452448e-07
985,986,23,12,11,132,0.6590909090909091,6.384947466998227e-07
986,987,21,11,10,110,0.6454545454545455,5.320789555831855e-07
987,988,17,10,7,70,0.5714285714285714,3.3859569900748167e-07
988,989,14,8,6,48,0.45833333333333326,2.3217990789084457e-07
989,990,14,8,6,48,0.4583333333333333,2.3217990789084457e-07
990,991,12,7,5,35,0.4,1.6929784950374084e-07
991,992,12,7,5,35,0.4,1.6929784950374084e-07
992,993,12,7,5,35,0.4,1.6929784950374084e-07
993,994,12,7,5,35,0.4,1.6929784950374084e-07
994,995,11,6,5,30,0.4666666666666667,1.4511244243177788e-07
995,996,6,5,1,5,1.0,2.4185407071962978e-08
996,997,5,4,1,4,1.0,1.934832565757038e-08
997,998,2,2,0,0,,0.0
998,999,1,1,0,0,,0.0
