comparison,statistic,count,valid,nonfinite,min,p1,p5,p25,median,p75,p95,p99,max,mean,eligible_population
historical_vs_post,acf_10_change,4967,4653,314,-1.02599253358052,-0.5488550342951815,-0.2495189045663953,-0.07303846494772334,-0.008069625211495814,0.054245350643690474,0.20888289205877242,0.45213913347651025,0.8974985919639744,-0.012707363464207,4967
historical_vs_post,acf_1_change,4967,4866,101,-1.4103389308955787,-0.5175199617882821,-0.27477651006631876,-0.08199537753750556,-0.011501793108456226,0.04797213446195303,0.18103844872503527,0.3442451527804054,0.9693459083901107,-0.023486925702127653,4967
historical_vs_post,acf_20_change,4967,4467,500,-1.1780218214913878,-0.4970137272593447,-0.25234020563620757,-0.07158034184237078,-0.003808001325586034,0.05360769605967522,0.19666602200875302,0.46632412970150017,1.0248869732792565,-0.012306244477725334,4967
historical_vs_post,acf_2_change,4967,4843,124,-1.215535102405759,-0.5534744380750298,-0.2590097652339401,-0.08021764581558832,-0.011259465959062132,0.05012497292656512,0.1958698701281685,0.4068292239165198,1.0701786805050517,-0.019863990640651745,4967
historical_vs_post,acf_5_change,4967,4781,186,-1.1779348188668497,-0.4878547903275887,-0.2582136386552754,-0.07665536554347924,-0.010006406382821754,0.0520810927993261,0.19441100738122655,0.4344516032953781,1.4447980630202015,-0.01616181257086022,4967
historical_vs_post,excess_kurtosis_change,4967,4796,171,-4782.934341953828,-71.48186043948955,-13.663063533921896,-0.9783719603606642,-0.26482391169661856,0.1449006603316093,3.133059385691095,26.152262698713816,819.0443458304987,-6.163680421115795,4967
historical_vs_post,log_mad_ratio,4967,4942,25,-4.636883117266015,-1.178963606334326,-0.43832102519089156,-0.12077188909280842,-0.0069823800134829325,0.0958930563292406,0.40145405365833003,1.0778790946239702,2.245131195180262,-0.01604833237997825,4967
historical_vs_post,log_variance_ratio,4967,4942,25,-9.377485442404865,-1.9227153786713371,-0.7668991889047773,-0.23255755255705846,-0.021427530288215004,0.18215852390623044,0.8528013665688552,2.248157550409259,15.51089749137162,-0.006973011516438808,4967
historical_vs_post,mean_change_over_reference_sd,4967,4967,0,-2.0494167092062088,-0.5734301292289565,-0.22750025251653638,-0.05273161065375734,0.00011156345613062738,0.05941059508492426,0.2833385606034677,0.7098750117149496,373.91462521084685,0.08898528346487489,4967
historical_vs_post,post_length,4967,4967,0,1.0,2.0,11.0,74.0,199.0,394.0,712.0,871.3400000000001,986.0,259.32071673042077,4967
historical_vs_post,q01_change_over_reference_sd,4967,4967,0,-13.22648641104658,-3.938319927925007,-1.0445672516422864,-0.14040512161339286,0.16460444691522488,0.489043159454704,1.2373155236951217,2.04077609022523,3.961965569804605,0.09812545279741779,4967
historical_vs_post,q05_change_over_reference_sd,4967,4967,0,-10.0435296544425,-2.5365233631315736,-0.5819038459095742,-0.12889918060011074,0.04398797150834762,0.24449648986486988,0.7329312006162196,1.3544040767139305,3.3049670882796827,0.01776229850821437,4967
historical_vs_post,q25_change_over_reference_sd,4967,4967,0,-4.66181287923983,-1.198535608074372,-0.39379548540935166,-0.09157189557150183,0.007609737247802122,0.10288473839846873,0.3878899214494289,0.8014771952764804,2.4215083888051203,-0.007136682056334491,4967
historical_vs_post,q50_change_over_reference_sd,4967,4967,0,-2.7252125907163256,-0.6536186986628653,-0.24799464408567898,-0.06526310843626401,0.0020333021213474406,0.07592405577119443,0.28662457514813267,0.6549427811172605,3.5499491202384434,0.006223100496026526,4967
historical_vs_post,q75_change_over_reference_sd,4967,4967,0,-2.5659241817927763,-0.7967068489876296,-0.34647164966936,-0.09727854068932933,-0.0028854694025118293,0.0959518316308099,0.42648441633392326,1.231534213310828,5.302449401229388,0.022232191451500526,4967
historical_vs_post,q95_change_over_reference_sd,4967,4967,0,-3.6558555521154137,-1.395681138623922,-0.7194472390067591,-0.23927250814386095,-0.0463313244523922,0.13528146443970732,0.7070540278576797,3.3146839578966367,165.8146630101495,0.0688436257757402,4967
historical_vs_post,q99_change_over_reference_sd,4967,4967,0,-4.823007977051045,-2.1495352509412515,-1.2646551902283774,-0.4978769845133483,-0.16856186235355147,0.15165917188020495,1.3379441493203745,5.107588900181148,15777.066601634766,3.158652218633651,4967
historical_vs_post,reference_length,4967,4967,0,1000.0,1040.0,1190.6,1955.0,2974.0,4017.0,4819.4,4964.0,5000.0,2989.1876384135294,4967
historical_vs_post,skewness_change,4967,4796,171,-68.92771422618618,-4.843849757431771,-1.1394204626586264,-0.21385324343529177,-0.016535334467331762,0.17127098866063958,0.9884982599614243,4.071766172439767,28.543173109829432,-0.10313617159147774,4967
historical_vs_post,tail_frequency_change,4967,4967,0,-0.021739130434782608,-0.02105948779995967,-0.020545810073465676,-0.015025955554918605,-0.002020634241430133,0.01310064477905796,0.07081208816932504,0.3158583861105515,0.9795046968403074,0.011242913995042793,4967
matched_pre_vs_post,acf_10_change,4796,4653,143,-1.5607426257020436,-0.6041069961309564,-0.3241390782817062,-0.1189246077776292,-0.006178693694009724,0.11081845975522185,0.3125023593644581,0.6050815421393637,1.6798954677224667,-0.0041403228951930465,4967
matched_pre_vs_post,acf_1_change,4796,4796,0,-1.089477937810432,-0.5250318154143194,-0.2980935311829471,-0.10878776270417362,-0.004130504955187755,0.10118570740265197,0.29231252171798194,0.5169193977211857,1.0336028902212684,-0.0037074864523491753,4967
matched_pre_vs_post,acf_20_change,4796,4467,329,-1.6187188114618674,-0.6181398635169143,-0.33858536113229565,-0.11694049921143947,0.007122344163340094,0.12184444676956538,0.3467423573005268,0.5955916796461995,1.9326752169349117,0.004100513261621615,4967
matched_pre_vs_post,acf_2_change,4796,4796,0,-1.2190373425479262,-0.5481287742318377,-0.29706848722763185,-0.10960307454761642,-0.0063055071785271255,0.09749689047152271,0.30607135108202255,0.5308862175793945,1.2357325937082533,-0.003992957715174324,4967
matched_pre_vs_post,acf_5_change,4796,4781,15,-1.5312093789913352,-0.5696234702723681,-0.31861358563880326,-0.11540525995106209,0.0013194370005282507,0.11202735123246708,0.31591531330594497,0.6044221623059233,1.7082273077341343,0.0010831854448878884,4967
matched_pre_vs_post,excess_kurtosis_change,4796,4796,0,-59.70723605560255,-14.457425146355993,-2.4510266939772567,-0.48502506860442507,0.03959667341093187,0.5704992077684805,4.522702865044148,25.45996498058722,101.78711194318693,0.4373344286740334,4967
matched_pre_vs_post,log_mad_ratio,4796,4796,0,-2.235581963230256,-0.9787537588759981,-0.4758281550326018,-0.14254341496613426,0.017028372708920297,0.17872257104430142,0.563543768123088,1.2612966601607545,3.0808200048540466,0.028148444888730674,4967
matched_pre_vs_post,log_variance_ratio,4796,4796,0,-3.76748480461362,-1.6347298983871,-0.8213421402310632,-0.21524524461268438,0.041625486031904094,0.3236266235461197,1.1231531172974087,2.285020483939695,7.496896586399487,0.08067934003806049,4967
matched_pre_vs_post,mean_change_over_reference_sd,4796,4796,0,-5.843676289805296,-0.712420085430872,-0.3534548223807444,-0.09934867276582884,-0.00018661282266323312,0.10217738488270162,0.3560325802706724,0.7822485991018278,15.090307593550778,0.005771847078529562,4967
matched_pre_vs_post,post_length,4796,4796,0,8.0,10.0,19.0,84.0,128.0,128.0,128.0,128.0,128.0,104.17097581317765,4967
matched_pre_vs_post,q01_change_over_reference_sd,4796,4796,0,-29.189646291028737,-5.517886300538593,-1.9659448786594569,-0.49755756337399404,-0.05082672454212454,0.32808497788937047,1.005590407764383,1.7382911435848851,3.4079990477738202,-0.24680432977222563,4967
matched_pre_vs_post,q05_change_over_reference_sd,4796,4796,0,-21.281213030361933,-3.1698179715097443,-1.1395801169255781,-0.30917855413998063,-0.028178299319163623,0.22745388583962195,0.6701721565854825,1.1018960161581919,2.1070704166165766,-0.14279349675938224,4967
matched_pre_vs_post,q25_change_over_reference_sd,4796,4796,0,-9.63382745832012,-1.625968545402168,-0.6492495287324795,-0.18025458940785996,-0.009922489559031534,0.1474685265433299,0.43351199191381035,0.80896701736898,2.4074151996992326,-0.055229753563241,4967
matched_pre_vs_post,q50_change_over_reference_sd,4796,4796,0,-5.993892555250515,-0.7799174055462248,-0.3961070079037835,-0.1223659244605624,0.0017740261275854881,0.12450748828846496,0.38687723612623826,0.8430309776541244,2.7167767325308283,0.002348359505825683,4967
matched_pre_vs_post,q75_change_over_reference_sd,4796,4796,0,-4.148784980529698,-0.7747756158585211,-0.4387564910418654,-0.13790273303384784,0.01892643180678024,0.1788398674018213,0.6370835041204644,1.6189371526526304,10.215811603050694,0.05913363809861439,4967
matched_pre_vs_post,q95_change_over_reference_sd,4796,4796,0,-2.1878692070915426,-1.0830496765104416,-0.6856724019206963,-0.23676142468515277,0.029699935251943414,0.32095703293008415,1.1567519972896676,3.577801168115812,163.06572809703215,0.18304709096957153,4967
matched_pre_vs_post,q99_change_over_reference_sd,4796,4796,0,-3.9202605724209634,-1.8660715227376121,-1.0376074947899283,-0.35504277846751986,0.030201641878401974,0.5109408619813587,2.0443111069893667,6.248872682351769,163.93814701744543,0.28167109080104663,4967
matched_pre_vs_post,reference_length,4796,4796,0,8.0,10.0,19.0,84.0,128.0,128.0,128.0,128.0,128.0,104.17097581317765,4967
matched_pre_vs_post,skewness_change,4796,4796,0,-9.44552292152536,-3.516311578079796,-1.0633964440742047,-0.29715886278858183,-0.01037849727994887,0.2909705122657688,1.0504162165364943,3.824882837516357,11.001248000643677,0.0005996582054873801,4967
matched_pre_vs_post,tail_frequency_change,4796,4796,0,-0.5,-0.1171875,-0.048426244910742246,-0.010899426660296226,0.0,0.01713085764809903,0.0703125,0.2891255040322583,0.7109375,0.008115838534831235,4967
historical_holdout_residual_vs_post,log_mad_ratio,4967,4942,25,-3.058939628897465,-1.2053483541717829,-0.4027808581151321,-0.0866425212482976,0.027360066466050152,0.13750457921413686,0.4697043430212434,1.1903482552130775,2.3586340197778553,0.027035719224202826,4967
historical_holdout_residual_vs_post,log_variance_ratio,4967,4942,25,-6.520929197639213,-1.6994862494940692,-0.6856655194432414,-0.14686227333925267,0.0548826368527268,0.28146197545853585,1.0821293988799383,2.5461507147636273,14.839356984866964,0.10158860341343022,4967
historical_holdout_residual_vs_post,mean_change_over_reference_sd,4967,4967,0,-2.605074962721363,-0.4923810376656578,-0.18473765567122905,-0.05145301061390929,0.004754020773156267,0.06485659842596384,0.2664320364155529,0.7022650347340866,279.8854580059712,0.07687270787268238,4967
historical_holdout_residual_vs_post,post_length,4967,4967,0,1.0,2.0,11.0,74.0,199.0,394.0,712.0,871.3400000000001,986.0,259.32071673042077,4967
historical_holdout_residual_vs_post,q01_change_over_reference_sd,4967,4967,0,-16.321943105943713,-4.821248343598813,-1.595421255186538,-0.28329981939972265,0.06558829250834264,0.40758950048575204,1.21358720415541,1.9981570788124494,4.170364191170213,-0.04966703249901741,4967
historical_holdout_residual_vs_post,q05_change_over_reference_sd,4967,4967,0,-11.354102336493627,-3.0582569124328978,-0.8142704406855851,-0.19332389591699067,-0.004875450268239461,0.18763897852058692,0.6871427121874115,1.3087297177400776,3.305395112969343,-0.06650850577754436,4967
historical_holdout_residual_vs_post,q25_change_over_reference_sd,4967,4967,0,-5.298380776616387,-1.4032189483322712,-0.44253792297019945,-0.11506637251177015,-0.012097360690651324,0.08775181850804092,0.3539869891776342,0.7493990542493782,2.3845980328040826,-0.036221172160855485,4967
historical_holdout_residual_vs_post,q50_change_over_reference_sd,4967,4967,0,-3.2085141107068176,-0.5790023980391275,-0.22486058372318934,-0.06230936066941588,0.004456821763830386,0.08051567798278789,0.28607212962136896,0.680005765932014,4.860467492857425,0.012035469484093111,4967
historical_holdout_residual_vs_post,q75_change_over_reference_sd,4967,4967,0,-2.8672474427251773,-0.6883812794240025,-0.30421902983581417,-0.07744817268231406,0.023336699509360227,0.1327245392204939,0.48462697622003176,1.580038604002796,5.933268485976625,0.05995961673399594,4967
historical_holdout_residual_vs_post,q95_change_over_reference_sd,4967,4967,0,-3.590924952619633,-1.295568818377149,-0.6779418082621197,-0.17474883473125538,0.016500154151781514,0.21729173258212592,1.0131756955208573,4.133006422659225,375.18065727456053,0.2263745226339896,4967
historical_holdout_residual_vs_post,q99_change_over_reference_sd,4967,4967,0,-4.3929484190427175,-2.0734193583904066,-1.2187565410057948,-0.4099944319177753,-0.046988430847514924,0.3169136665831005,1.8808062827559493,6.080304132611005,11275.58806094932,2.4325922063666594,4967
historical_holdout_residual_vs_post,reference_length,4967,4967,0,300.0,312.0,357.3,587.0,893.0,1206.0,1446.0,1490.0,1500.0,897.2130058385343,4967
historical_holdout_residual_vs_post,residual_acf_10_change,4967,4653,314,-0.9909220055271973,-0.3983580824981518,-0.18297415048097324,-0.060233407664085956,-0.0024203162682063795,0.05848636501998555,0.19475616467104054,0.42547835633363795,0.9132495034102344,-0.0006968602825881364,4967
historical_holdout_residual_vs_post,residual_acf_1_change,4967,4866,101,-1.0124787688457324,-0.49859030286678097,-0.2717670243433456,-0.09108371591149243,-0.014366008771953577,0.056768186938953545,0.19591013138519112,0.37260180962293743,0.7747714829068988,-0.023239227720547127,4967
historical_holdout_residual_vs_post,residual_acf_20_change,4967,4467,500,-0.9585545145544793,-0.37043707195269454,-0.19039172165869053,-0.061654263972027265,-0.0010303575690940522,0.057554698479663935,0.17721921522579354,0.3773488010097424,0.9144542269338468,-0.0018953321125954178,4967
historical_holdout_residual_vs_post,residual_acf_2_change,4967,4843,124,-0.9557106772539804,-0.5005316611644214,-0.22445275107632798,-0.07841154470702347,-0.008195824127718507,0.059362934624416594,0.20003994540384415,0.4318294773730295,1.0096456569818184,-0.009879495188957069,4967
historical_holdout_residual_vs_post,residual_acf_5_change,4967,4781,186,-0.9340326408974411,-0.45077046679967125,-0.21597492317706216,-0.06973520642108225,-0.00766427603480387,0.0525353374658748,0.17277359303643042,0.3599116949410932,0.9768056544456348,-0.011434693485596061,4967
historical_holdout_residual_vs_post,residual_excess_kurtosis_change,4967,4796,171,-284.41665086724913,-28.572765635762455,-6.95363193508137,-0.6493553746997291,-0.14044553801867732,0.29138906753375415,4.461826733484763,30.018853760537723,788.575092220131,0.06327278055567874,4967
historical_holdout_residual_vs_post,residual_skewness_change,4967,4796,171,-24.384959394620953,-3.7512982714533325,-0.919403190906186,-0.19388055845365412,-4.586911209720351e-05,0.19981820022704466,1.0699541214485553,3.9963176039094517,27.634030699474838,0.02664643743188431,4967
historical_holdout_residual_vs_post,tail_frequency_change,4967,4967,0,-0.026402640264026403,-0.023271167306389704,-0.021600993792683803,-0.011498932075700713,0.002914822887083633,0.02176794437453481,0.11647281849376707,0.43281369191930524,0.9772403982930299,0.02039736241693969,4967
